{"cameraMode":{"drawMode":0,"name":"Shaded","section":"Shading Mode"},"sceneLighting":false,"audioPlay":false,"sceneViewState":{"m_AlwaysRefresh":false,"showFog":true,"showSkybox":false,"showFlares":true,"showImageEffects":true,"showParticleSystems":true,"showVisualEffectGraphs":true,"m_FxEnabled":true},"in2DMode":false,"pivot":{"x":-1.8592578172683716,"y":3.1583261489868166,"z":0.15291643142700196},"rotation":{"x":0.1480351835489273,"y":0.7104442715644836,"z":-0.1570054590702057,"w":0.6698544025421143},"size":6.0019636154174809,"orthographic":false}